{
    "Validation Loss": 0.674907695364069,
    "Stopping Epoch": 1,
    "Consolidation": 0.09433962264150941,
    "Hernia": 0.28301886792452835,
    "Atelectasis": 0.5471698113207547,
    "Cardiomegaly": 0.23500000000000001,
    "Edema": 0.6603773584905661,
    "Emphysema": 0.7581699346405228,
    "Fibrosis": 0.7019230769230769,
    "Fracture": 0.42483660130718953,
    "Infiltration": 0.5972222222222221,
    "Mass": 0.7516339869281046,
    "Nodule": 0.5228758169934641,
    "No Finding": 0.5036075036075035,
    "Effusion": 0.5490196078431373,
    "Pleural_Thickening": 0.8490566037735849,
    "Pneumonia": 0.2026143790849673,
    "Pneumothorax": 0.35510204081632657,
    "other": 0.42471590909090906
}