{
    "Validation Loss": 0.6889976064364115,
    "Stopping Epoch": 0,
    "Consolidation": 0.15094339622641506,
    "Hernia": 0.7169811320754718,
    "Atelectasis": 0.6603773584905661,
    "Cardiomegaly": 0.6775,
    "Edema": 0.24528301886792447,
    "Emphysema": 0.4607843137254901,
    "Fibrosis": 0.5865384615384615,
    "Fracture": 0.40522875816993464,
    "Infiltration": 0.5347222222222222,
    "Mass": 0.173202614379085,
    "Nodule": 0.3594771241830065,
    "No Finding": 0.49855699855699853,
    "Effusion": 0.934640522875817,
    "Pleural_Thickening": 0.5283018867924528,
    "Pneumonia": 0.6797385620915033,
    "Pneumothorax": 0.6142857142857143,
    "other": 0.6143465909090908
}