{
    "Validation Loss": 0.694644276742582,
    "Stopping Epoch": 0,
    "Consolidation": 0.4716981132075472,
    "Hernia": 0.6603773584905661,
    "Atelectasis": 0.5660377358490566,
    "Cardiomegaly": 0.25250000000000006,
    "Edema": 0.28301886792452835,
    "Emphysema": 0.6013071895424836,
    "Fibrosis": 0.40384615384615385,
    "Fracture": 0.6928104575163399,
    "Infiltration": 0.6024305555555556,
    "Mass": 0.2091503267973856,
    "Nodule": 0.24183006535947715,
    "No Finding": 0.5310245310245311,
    "Effusion": 0.8235294117647058,
    "Pleural_Thickening": 0.8867924528301887,
    "Pneumonia": 0.607843137254902,
    "Pneumothorax": 0.7489795918367347,
    "other": 0.42826704545454547
}